grupo_id,tema,titulo_representativo,n_noticias,n_fuentes,fecha_max,seleccion_top5 (si/no),relevante_para_editor (si/no),motivo,revisor
G-b5b6d57304ac,servicios_publicos,Canal de Panamá: Suspensión temporal de operaciones de potabilizadora de Miraflores este miércoles,1,1,2026-10-06 15:55:29,si,si,,
G-b1d544fcc16b,servicios_publicos,Panamá reduce su preselección para Premundial de Béisbol U18 2026,1,1,2026-10-06 15:29:44,si,si,,
G-1c695e685823,servicios_publicos,Canal de Panamá incorpora esclusas Panamax a su programa de cupos a largo plazo,1,1,2026-10-05 12:49:58,no,no,,
G-caafc736e4de,eventos_naturales,Día Nacional del Calypso: Conoce la agenda cultural del 16 al 18 de octubre,1,1,2026-10-06 19:52:08,no,no,,
G-fe7bcc966699,economia,FMI proyecta que la economía de Panamá crecerá cerca de 5% este 2026,1,1,2026-10-07 17:00:00,no,no,,
G-e6ac95b452a5,servicios_publicos,Unos 22 aprehendidos en la operación Comunidad Segura contra el microtráfico en Colón y Panama Oeste,1,1,2026-10-07 21:02:13,si,si,,
G-d8549bce3237,turismo,Panamá y Singapur exploran nuevas oportunidades para el desarrollo de la carga aérea en Tocumen,1,1,2026-10-05 09:09:14,no,no,,
G-b4cdd9db855e,economia,Empleos en Panamá: Mitradel publica en su portal nuevas vacantes disponibles,1,1,2026-10-07 16:34:03,si,si,,
G-87ced533cf2a,turismo,Renace una estrella: Geely de Bahia Motors presenta el nuevo Starray en el Panama Motor Show 2026,1,1,2026-10-06 13:34:59,no,no,,
G-0fee038b990b,servicios_publicos,"EEUU dona a Panamá equipos por $500,000 para habilitar albergues y atender emergencias",1,1,2026-10-07 18:41:45,si,si,,
G-05956986f2c1,servicios_publicos,Apoyo a la democracia cae nueve puntos en Panamá; 78% no se siente representado por la Asamblea Nacional,1,1,2026-10-06 17:11:48,no,no,,
G-e5abf4e5d635,eventos_naturales,"Clima en Panamá: Imhpa advierte de aguaceros fuertes, tormentas eléctricas y posibles crecidas de ríos en provincias del interior",1,1,2026-10-08 06:19:33,no,no,,
G-b23a95b9a6c8,eventos_naturales,Panamá mantiene vigilancia epidemiológica ante caso sospechoso de peste neumónica en Rusia,1,1,2026-10-06 15:53:52,no,no,,
G-029190d443d8,eventos_naturales,Más de 30 mujeres han muerto de forma violenta en Panamá este año,1,1,2026-10-05 20:30:01,no,no,,
G-7f9c7da33b60,turismo,Ana Isabel Carrizo y Salwa Maloof unen a Panamá y Colombia en Madrid con celebración carnavalera,1,1,2026-10-06 10:25:39,no,no,,
G-9f2630b6d7d1,turismo,Festival Navideño 'City of Stars 2026': Alcaldía de Panamá presenta el calendario de actividades,1,1,2026-10-07 11:46:00,no,no,,
G-9d6c477049d9,turismo,Canal de Panamá: Carnival Miracle inaugura temporada de cruceros 2026-2027; se contemplan más de 220 tránsitos,1,1,2026-10-07 16:59:32,no,no,,
G-50b1db0ac25c,turismo,Mulino llega a Vietnam para fortalecer alianzas comerciales y estratégicas con Panamá,1,1,2026-10-05 12:00:00,no,no,,
G-cfe160debe8e,eventos_naturales,Panamá condena atentados del 7 de octubre y pide paz entre israelíes y palestinos,1,1,2026-10-07 12:18:01,no,no,,
G-1be0eb08017b,logistica_canal,Singapur anuncia adhesión al tratado de neutralidad del Canal y explora alianza logística con Panamá,1,1,2026-10-05 06:25:00,no,no,,
